[
    {
        "address": "gadera", 
        "email": "ronch10@gmail.com", 
        "emergency contact name": "alon", 
        "emergency contact phone": "0535500127", 
        "first name": "ron", 
        "id": "756746783", 
        "last name": "cohen", 
        "password": "77ik2331", 
        "phone": "0526732516", 
        "reset password details": ["olga", "06.11.1995", "tennis"], 
        "salary": 3000, 
        "type": "manager", 
        "user name": "ron87"
    }, 
    {
        "address": "gan-yavne", 
        "email": "koral@gmail.com", 
        "emergency contact name": "roei", 
        "emergency contact phone": "0533439778", 
        "first name": "koral", 
        "id": "316730799", 
        "last name": "feldman", 
        "password": "352ff1k8", 
        "phone": "0453334554", 
        "reset password details": ["peni", "12.12.1995", "swimming"], 
        "salary": 3000, 
        "type": "manager", 
        "user name": "koral45"
    }, 
    {
        "address": "ashdod", 
        "email": "rotem@ac.sce.ac.il", 
        "emergency contact name": "tal", 
        "emergency contact phone": "0548177765", 
        "first name": "rotem", 
        "id": "11884398", 
        "last name": "reshef", 
        "password": "68fnsd4", 
        "phone": "0578198932", 
        "reset password details": ["koral", "02.01.1992", "sleep"], 
        "salary": 100000, 
        "type": "manager", 
        "user name": "rotem97"
    }, 
    {
        "address": "eilat", 
        "email": "almoge330@gmail.com", 
        "emergency contact name": "or", 
        "emergency contact phone": "054432897", 
        "first name": "almog", 
        "id": "317823866", 
        "last name": "yalin", 
        "password": "mfg43225", 
        "phone": "0544811165", 
        "reset password details": ["koral", "03.12.1986", "reading"], 
        "salary": 2800, 
        "type": "manager", 
        "user name": "almog45"
    }, 
    {
        "address": "ranana", 
        "credit card number": "1245769386947644", 
        "email": "noas120@gmail.com", 
        "first name": "noa", 
        "hierd id": ["206902355", "403956433"], 
        "hierd proffesion": ["gardner", "plumber"], 
        "hiring date": ["04.09.2020", "06.07.2021"], 
        "hiring rate": [2, 0], 
        "id": "985621855", 
        "last name": "shvili", 
        "password": "7789844", 
        "phone": "0528844216", 
        "reset password details": ["koral", "08.04.1999", "jogging"], 
        "type": "employer", 
        "user name": "noa43"
    }, 
    {
        "address": "azrikam", 
        "credit card number": "9708449658285496", 
        "email": "talia@gmail.com", 
        "first name": "talia", 
        "hierd id": ["403956433", "23546973"], 
        "hierd proffesion": ["plumber", "carpenter"], 
        "hiring date": ["09.04.2021", "22.09.2021"], 
        "hiring rate": [4, 5], 
        "id": "208792344", 
        "last name": "eshcol", 
        "password": "85859c32", 
        "phone": "0527990546", 
        "reset password details": ["noy", "03.09.2000", "hiking"], 
        "type": "employer", 
        "user name": "talia56"
    }, 
    {
        "address": "jerosalem", 
        "credit card number": "998641122423", 
        "email": "lona5550@gmail.com", 
        "first name": "lona", 
        "hierd id": [], 
        "hierd proffesion": [], 
        "hiring date": [], 
        "hiring rate": [], 
        "id": "947823481", 
        "last name": "bravo", 
        "password": "j3j3w122", 
        "phone": "0526700219", 
        "reset password details": ["dalia", "22.02.1992", "dance"], 
        "type": "employer", 
        "user name": "lona11"
    }, 
    {
        "address": "ashkelon", 
        "credit card number": "1284567345764246", 
        "email": "matan12@gmail.com", 
        "first name": "matan", 
        "hierd id": [], 
        "hierd proffesion": [], 
        "hiring date": [], 
        "hiring rate": [], 
        "id": "88772358", 
        "last name": "raz", 
        "password": "234jgs1f", 
        "phone": "0529936782", 
        "reset password details": ["sason", "13.08.1992", "paint"], 
        "type": "employer", 
        "user name": "matanDp"
    }, 
    {
        "address": "azrikam", 
        "amount of rating": 8, 
        "day working": [15], 
        "email": "barsela03@gmail.com", 
        "emergency contact name": "shalom", 
        "emergency contact phone": "0535516767", 
        "end hour working": [23], 
        "end minute working": [39], 
        "first name": "bar", 
        "hourly wage": 50, 
        "id": "206902355", 
        "inquiries body": ["i have checked my salary and found out 2000ils are missed", " would like to take a vacation on the 23-25.12", 
            "m very sick i cant work today"
        ], 
        "inquiries status": ["approved", "disapproved", "in process"], 
        "inquiries subject": ["other", "vacation", "home sick"], 
        "last name": "sela", 
        "month working": [12], 
        "number of rating": 2, 
        "password": "DU48pMah", 
        "phone": "0526761996", 
        "profession": "gardener", 
        "reset password details": ["sarit", "04.05.1996", "surf"], 
        "shift flag": true, 
        "start hour working": [20], 
        "start minute working": [1], 
        "type": "employee", 
        "unavailability": ["04.05.2020", "06.07.2021", "13.01.2020", "19.01.2020"], 
        "user name": "bar12", 
        "working hours": [3.633333206176758], 
        "year working": [2020]
    }, 
    {
        "address": "ashdod", 
        "amount of rating": 10, 
        "day working": [9, 10, 11, 13, 14, 15, 16, 17], 
        "email": "israel111@gmail.com", 
        "emergency contact name": "rahel", 
        "emergency contact phone": "0535454567", 
        "end hour working": [19, 23, 9, 14, 19, 23, 16, 23], 
        "end minute working": [43, 53, 42, 23, 58, 57, 18, 28], 
        "first name": "israel", 
        "hourly wage": 40, 
        "id": "22345682", 
        "inquiries body": ["my daughter has an emergency surgery on the 10.12.2020, can i take a day off?"], 
        "inquiries status": ["in process"], 
        "inquiries subject": ["sick leave"], 
        "last name": "israeli", 
        "month working": [12, 12, 12, 12, 12, 12, 12, 12], 
        "number of rating": 3, 
        "password": "yh553524", 
        "phone": "0522617458", 
        "profession": "gardener", 
        "reset password details": ["Rina", "19.07.1999", "ski"], 
        "shift flag": true, 
        "start hour working": [15, 19, 0, 9, 12, 17, 6, 16], 
        "start minute working": [13, 44, 1, 44, 23, 51, 23, 18], 
        "type": "employee", 
        "unavailability": ["14.06.2022", "06.06.2021", "04.04.2020", "03.04.2021"], 
        "user name": "israel92", 
        "working hours": [4.5, 4.150000095367432, 9.683333396911621, 4.650000095367432, 7.583333492279053, 6.099999904632568, 9.916666984558105, 7.166666507720947], 
        "year working": [2020, 2020, 2020, 2020, 2020, 2020, 2020, 2020]
    }, 
    {
        "address": "hadera", 
        "amount of rating": 4, 
        "day working": [9, 10, 11, 15], 
        "email": "yamit1221@gmail.com", 
        "emergency contact name": "lior", 
        "emergency contact phone": "0535455987", 
        "end hour working": [7, 13, 7, 19], 
        "end minute working": [35, 10, 35, 50], 
        "first name": "yamit", 
        "hourly wage": 30, 
        "id": "23546973", 
        "inquiries body": ["I would like to ask for a salary raise, please contact me", "I would like to have a holiday vacation with my family between 18.12.2020-19.12.2020"], 
        "inquiries status": ["declined", "approved"], 
        "inquiries subject": ["other", "vacation/holiday"], 
        "last name": "bat galim", 
        "month working": [12, 12, 12, 12], 
        "number of rating": 1, 
        "password": "667ttr21", 
        "phone": "0526443396", 
        "profession": "carpenter", 
        "reset password details": ["Liz", "18.10.1995", "cook"], 
        "shift flag": true, 
        "start hour working": [0, 7, 0, 13], 
        "start minute working": [56, 40, 56, 50], 
        "type": "employee", 
        "unavailability": ["20.01.2020", "22.09.2021", "18.12.2020", "19.12.2020"], 
        "user name": "yamit85", 
        "working hours": [6.650000095367432, 5.5, 6.650000095367432, 6.0], 
        "year working": [2020, 2020, 2020, 2020]
    }, 
    {
        "address": "kedem", 
        "amount of rating": 0, 
        "day working": [9, 19, 25, 4], 
        "email": "tamir@gmail.com", 
        "emergency contact name": "mor", 
        "emergency contact phone": "0502338879", 
        "end hour working": [21, 18, 15, 13], 
        "end minute working": [48, 0, 2, 2], 
        "first name": "tamir", 
        "hourly wage": 47, 
        "id": "304956611", 
        "inquiries body": [], 
        "inquiries status": [], 
        "inquiries subject": [], 
        "last name": "azul", 
        "month working": [12, 12, 12, 2], 
        "number of rating": 0, 
        "password": "tr5956562f", 
        "phone": "0527885623", 
        "profession": "plumber", 
        "reset password details": ["roz", "10.10.1967", "yoga"], 
        "shift flag": true, 
        "start hour working": [17, 7, 8, 8], 
        "start minute working": [40, 0, 1, 2], 
        "type": "employee", 
        "unavailability": ["05.07.2021"], 
        "user name": "tamir99", 
        "working hours": [4.133333206176758, 0.0, 7.016666889190674, 5.0], 
        "year working": [2020, 2020, 2020, 2021]
    }, 
    {
        "address": "bit ezra", 
        "amount of rating": 0, 
        "day working": [4, 5], 
        "email": "sami67@gmail.com", 
        "emergency contact name": "dana", 
        "emergency contact phone": "0534498123", 
        "end hour working": [18, 16], 
        "end minute working": [4, 8], 
        "first name": "sami", 
        "hourly wage": 40, 
        "id": "403956433", 
        "inquiries body": ["i want a vacation on the 04.05.2020 . its my birthday", "i didnt report enter shift on the 08.08.2020"], 
        "inquiries status": ["in process", "in process"], 
        "inquiries subject": ["vacation/holiday", "attendence clock issue"], 
        "last name": "eli", 
        "month working": [2, 2], 
        "number of rating": 0, 
        "password": "re24234234", 
        "phone": "0527885623", 
        "profession": "plumber", 
        "reset password details": ["kobi", "27.11.1997", "reading"], 
        "shift flag": true, 
        "start hour working": [13, 8], 
        "start minute working": [3, 8], 
        "type": "employee", 
        "unavailability": ["06.07.2021", "09.04.2021"], 
        "user name": "sami33", 
        "working hours": [5.016666889190674, 8.0], 
        "year working": [2021, 2021]
    }, 
    {
        "address": "saar", 
        "amount of rating": 0, 
        "day working": [3, 8, 14, 9, 11], 
        "email": "saar_kb24@gmail.com", 
        "emergency contact name": "itay", 
        "emergency contact phone": "0554438997", 
        "end hour working": [17, 14, 16, 14, 15], 
        "end minute working": [13, 13, 13, 14, 14], 
        "first name": "saar", 
        "hourly wage": 62, 
        "id": "203596077", 
        "inquiries body": [], 
        "inquiries status": [], 
        "inquiries subject": [], 
        "last name": "eli", 
        "month working": [12, 12, 12, 1, 2], 
        "number of rating": 0, 
        "password": "j13g646643", 
        "phone": "0551235667", 
        "profession": "electrician", 
        "reset password details": ["bar", "22.08.1987", "basketball"], 
        "shift flag": true, 
        "start hour working": [12, 11, 11, 9, 10], 
        "start minute working": [13, 13, 13, 14, 14], 
        "type": "employee", 
        "unavailability": ["30.01.2021"], 
        "user name": "saar29", 
        "working hours": [5.0, 3.0, 5.0, 5.0, 5.0], 
        "year working": [2020, 2020, 2020, 2020, 2020]
    }, 
    {
        "address": "ashdod", 
        "amount of rating": 0, 
        "day working": [], 
        "email": "noy6@gmail.com", 
        "emergency contact name": "bar", 
        "emergency contact phone": "0543342267", 
        "end hour working": [], 
        "end minute working": [], 
        "first name": "noy", 
        "hourly wage": 50, 
        "id": "204567899", 
        "inquiries body": [], 
        "inquiries status": [], 
        "inquiries subject": [], 
        "last name": "gt", 
        "month working": [], 
        "number of rating": 0, 
        "password": "2U&1Brdf", 
        "phone": "0526967785", 
        "profession": "gardener", 
        "reset password details": ["tania", "07.08.2020", "runing"], 
        "shift flag": false, 
        "start hour working": [], 
        "start minute working": [], 
        "type": "employee", 
        "unavailability": [], 
        "user name": "noyrT", 
        "working hours": [], 
        "year working": []
    }
]